{"frame_id":{"0":0,"1":180,"2":200,"3":440,"4":460,"5":2370,"6":2380,"7":2380,"8":2390,"9":2390,"10":2400,"11":3440,"12":3450,"13":4780,"14":4790,"15":5480,"16":5490,"17":5490,"18":5500,"19":6310,"20":6330},"detection":{"0":false,"1":true,"2":false,"3":true,"4":false,"5":false,"6":false,"7":false,"8":false,"9":false,"10":false,"11":true,"12":false,"13":false,"14":false,"15":false,"16":false,"17":false,"18":false,"19":true,"20":false},"state":{"0":0.0,"1":0.0,"2":0.0,"3":0.0,"4":0.0,"5":0.0,"6":0.0,"7":0.0,"8":0.0,"9":0.0,"10":0.0,"11":0.0,"12":0.0,"13":0.0,"14":0.0,"15":0.0,"16":0.0,"17":0.0,"18":0.0,"19":0.0,"20":0.0},"object_id":{"0":null,"1":0.0,"2":null,"3":0.0,"4":null,"5":null,"6":null,"7":null,"8":null,"9":null,"10":null,"11":0.0,"12":null,"13":null,"14":null,"15":null,"16":null,"17":null,"18":null,"19":0.0,"20":null},"x":{"0":null,"1":678.80255944,"2":null,"3":678.80255944,"4":null,"5":null,"6":null,"7":null,"8":null,"9":null,"10":null,"11":910.109909249,"12":null,"13":null,"14":null,"15":null,"16":null,"17":null,"18":null,"19":678.80255944,"20":null},"y":{"0":null,"1":387.775511002,"2":null,"3":387.775511002,"4":null,"5":null,"6":null,"7":null,"8":null,"9":null,"10":null,"11":-30.3913116454,"12":null,"13":null,"14":null,"15":null,"16":null,"17":null,"18":null,"19":387.775511002,"20":null},"width":{"0":null,"1":395.395357048,"2":null,"3":395.395357048,"4":null,"5":null,"6":null,"7":null,"8":null,"9":null,"10":null,"11":1079.85432862,"12":null,"13":null,"14":null,"15":null,"16":null,"17":null,"18":null,"19":395.395357048,"20":null},"height":{"0":null,"1":222.4078084866,"2":null,"3":222.4078084866,"4":null,"5":null,"6":null,"7":null,"8":null,"9":null,"10":null,"11":607.310304964,"12":null,"13":null,"14":null,"15":null,"16":null,"17":null,"18":null,"19":222.4078084866,"20":null},"Score":{"0":null,"1":0.6766109,"2":null,"3":0.6766109,"4":null,"5":null,"6":null,"7":null,"8":null,"9":null,"10":null,"11":0.50628245,"12":null,"13":null,"14":null,"15":null,"16":null,"17":null,"18":null,"19":0.6766109,"20":null},"detection_gt":{"0":false,"1":false,"2":false,"3":false,"4":false,"5":true,"6":false,"7":true,"8":false,"9":true,"10":false,"11":false,"12":false,"13":true,"14":false,"15":true,"16":false,"17":true,"18":false,"19":false,"20":false},"object_id_gt":{"0":null,"1":null,"2":null,"3":null,"4":null,"5":0.0,"6":null,"7":0.0,"8":null,"9":0.0,"10":null,"11":null,"12":null,"13":1.0,"14":null,"15":2.0,"16":null,"17":2.0,"18":null,"19":null,"20":null},"x_gt":{"0":null,"1":null,"2":null,"3":null,"4":null,"5":668.7522697449,"6":null,"7":671.4278411865,"8":null,"9":671.8100738525,"10":null,"11":null,"12":null,"13":670.1772880554,"14":null,"15":670.3824806213,"16":null,"17":669.1162490845,"18":null,"19":null,"20":null},"y_gt":{"0":null,"1":null,"2":null,"3":null,"4":null,"5":90.191681385,"6":null,"7":91.3709950447,"8":null,"9":92.4794018269,"10":null,"11":null,"12":null,"13":93.4982979298,"14":null,"15":92.4869012833,"16":null,"17":89.9450039864,"18":null,"19":null,"20":null},"width_gt":{"0":null,"1":null,"2":null,"3":null,"4":null,"5":106.9010353088,"6":null,"7":99.5484924316,"8":null,"9":98.8635635376,"10":null,"11":null,"12":null,"13":101.6595840454,"14":null,"15":100.5785179138,"16":null,"17":103.9264297485,"18":null,"19":null,"20":null},"height_gt":{"0":null,"1":null,"2":null,"3":null,"4":null,"5":106.8427276611,"6":null,"7":99.4782614708,"8":null,"9":98.7967765331,"10":null,"11":null,"12":null,"13":101.6049849987,"14":null,"15":100.5138301849,"16":null,"17":103.8633513451,"18":null,"19":null,"20":null},"video":{"0":"Experiments\/DistractorsTestSetP0\/3.mp4","1":"Experiments\/DistractorsTestSetP0\/3.mp4","2":"Experiments\/DistractorsTestSetP0\/3.mp4","3":"Experiments\/DistractorsTestSetP0\/3.mp4","4":"Experiments\/DistractorsTestSetP0\/3.mp4","5":"Experiments\/DistractorsTestSetP0\/3.mp4","6":"Experiments\/DistractorsTestSetP0\/3.mp4","7":"Experiments\/DistractorsTestSetP0\/3.mp4","8":"Experiments\/DistractorsTestSetP0\/3.mp4","9":"Experiments\/DistractorsTestSetP0\/3.mp4","10":"Experiments\/DistractorsTestSetP0\/3.mp4","11":"Experiments\/DistractorsTestSetP0\/3.mp4","12":"Experiments\/DistractorsTestSetP0\/3.mp4","13":"Experiments\/DistractorsTestSetP0\/3.mp4","14":"Experiments\/DistractorsTestSetP0\/3.mp4","15":"Experiments\/DistractorsTestSetP0\/3.mp4","16":"Experiments\/DistractorsTestSetP0\/3.mp4","17":"Experiments\/DistractorsTestSetP0\/3.mp4","18":"Experiments\/DistractorsTestSetP0\/3.mp4","19":"Experiments\/DistractorsTestSetP0\/3.mp4","20":"Experiments\/DistractorsTestSetP0\/3.mp4"},"end_frame":{"0":170,"1":190,"2":430,"3":450,"4":2370,"5":2370,"6":2380,"7":2380,"8":2390,"9":2390,"10":3430,"11":3440,"12":4780,"13":4780,"14":5480,"15":5480,"16":5490,"17":5490,"18":6300,"19":6320,"20":6470}}