{"frame_id":{"0":0,"1":180,"2":200,"3":1200,"4":1230,"5":1850,"6":1860},"detection":{"0":false,"1":true,"2":false,"3":true,"4":false,"5":true,"6":false},"state":{"0":0.0,"1":0.0,"2":0.0,"3":0.0,"4":0.0,"5":0.0,"6":0.0},"object_id":{"0":null,"1":0.0,"2":null,"3":0.0,"4":null,"5":0.0,"6":null},"x":{"0":null,"1":678.80255944,"2":null,"3":678.80255944,"4":null,"5":678.80255944,"6":null},"y":{"0":null,"1":387.775511002,"2":null,"3":387.775511002,"4":null,"5":387.775511002,"6":null},"width":{"0":null,"1":395.395357048,"2":null,"3":395.395357048,"4":null,"5":395.395357048,"6":null},"height":{"0":null,"1":222.4078084866,"2":null,"3":222.4078084866,"4":null,"5":222.4078084866,"6":null},"Score":{"0":null,"1":0.6766109,"2":null,"3":0.6766109,"4":null,"5":0.6766109,"6":null},"detection_gt":{"0":false,"1":false,"2":false,"3":false,"4":false,"5":false,"6":false},"video":{"0":"Experiments\/DistractorsTestSetP0\/2.mp4","1":"Experiments\/DistractorsTestSetP0\/2.mp4","2":"Experiments\/DistractorsTestSetP0\/2.mp4","3":"Experiments\/DistractorsTestSetP0\/2.mp4","4":"Experiments\/DistractorsTestSetP0\/2.mp4","5":"Experiments\/DistractorsTestSetP0\/2.mp4","6":"Experiments\/DistractorsTestSetP0\/2.mp4"},"end_frame":{"0":170,"1":190,"2":1190,"3":1220,"4":1840,"5":1850,"6":4490}}