{"frame_id":{"0":0,"1":130,"2":134,"3":134,"4":139,"5":139,"6":143,"7":143,"8":147,"9":160,"10":165,"11":173,"12":178,"13":178,"14":182,"15":182,"16":186,"17":186,"18":191,"19":563,"20":568,"21":689,"22":693},"detection":{"0":false,"1":false,"2":false,"3":false,"4":false,"5":false,"6":false,"7":false,"8":true,"9":false,"10":false,"11":false,"12":false,"13":false,"14":false,"15":false,"16":false,"17":false,"18":true,"19":false,"20":true,"21":true,"22":false},"state":{"0":0.0,"1":0.0,"2":0.0,"3":0.0,"4":0.0,"5":0.0,"6":0.0,"7":0.0,"8":1.0,"9":0.0,"10":0.0,"11":0.0,"12":0.0,"13":0.0,"14":0.0,"15":0.0,"16":0.0,"17":0.0,"18":1.0,"19":0.0,"20":1.0,"21":0.0,"22":0.0},"detection_gt":{"0":false,"1":true,"2":false,"3":true,"4":false,"5":true,"6":false,"7":true,"8":true,"9":true,"10":false,"11":true,"12":false,"13":true,"14":false,"15":true,"16":false,"17":true,"18":true,"19":true,"20":true,"21":false,"22":false},"object_id_gt":{"0":null,"1":0.0,"2":null,"3":0.0,"4":null,"5":0.0,"6":null,"7":0.0,"8":0.0,"9":0.0,"10":null,"11":0.0,"12":null,"13":0.0,"14":null,"15":0.0,"16":null,"17":0.0,"18":0.0,"19":0.0,"20":0.0,"21":null,"22":null},"x_gt":{"0":null,"1":138.0,"2":null,"3":123.5,"4":null,"5":207.5968000889,"6":null,"7":321.1472091675,"8":454.3185081482,"9":449.6815172831,"10":null,"11":557.0130462646,"12":null,"13":533.1626081467,"14":null,"15":581.211933136,"16":null,"17":579.436920166,"18":552.2026319504,"19":550.7606668472,"20":568.8888444901,"21":null,"22":null},"y_gt":{"0":null,"1":653.5,"2":null,"3":664.0,"4":null,"5":691.4572759867,"6":null,"7":664.1059545279,"8":623.5782818794,"9":598.9796903928,"10":null,"11":372.2566494942,"12":null,"13":546.5058941841,"14":null,"15":552.3728256226,"16":null,"17":522.4600735903,"18":505.1402170658,"19":512.9554082155,"20":521.5493028164,"21":null,"22":null},"width_gt":{"0":null,"1":265.0,"2":null,"3":266.0,"4":null,"5":285.6587915421,"6":null,"7":302.6909351349,"8":335.4499969482,"9":345.2690353394,"10":null,"11":373.0399271647,"12":null,"13":309.533074379,"14":null,"15":324.3225774765,"16":null,"17":377.5328712463,"18":417.545290947,"19":414.0538644791,"20":399.4561700821,"21":null,"22":null},"height_gt":{"0":null,"1":353.0,"2":null,"3":362.0,"4":null,"5":339.6599466801,"6":null,"7":365.9170634747,"8":426.939162612,"9":412.6506388982,"10":null,"11":451.6737540563,"12":null,"13":399.0186458826,"14":null,"15":417.3100408316,"16":null,"17":496.5409500599,"18":552.0455538034,"19":531.2800607681,"20":514.2169829607,"21":null,"22":null},"object_id":{"0":null,"1":null,"2":null,"3":null,"4":null,"5":null,"6":null,"7":null,"8":0.0,"9":null,"10":null,"11":null,"12":null,"13":null,"14":null,"15":null,"16":null,"17":null,"18":0.0,"19":null,"20":0.0,"21":0.0,"22":null},"x":{"0":null,"1":null,"2":null,"3":null,"4":null,"5":null,"6":null,"7":null,"8":291.1819862433,"9":null,"10":null,"11":null,"12":null,"13":null,"14":null,"15":null,"16":null,"17":null,"18":428.2763007432,"19":null,"20":418.5732414316,"21":1425.2765794885,"22":null},"y":{"0":null,"1":null,"2":null,"3":null,"4":null,"5":null,"6":null,"7":null,"8":668.0380907606,"9":null,"10":null,"11":null,"12":null,"13":null,"14":null,"15":null,"16":null,"17":null,"18":593.7652635044,"19":null,"20":602.1363598662,"21":492.1547317088,"22":null},"width":{"0":null,"1":null,"2":null,"3":null,"4":null,"5":null,"6":null,"7":null,"8":542.7001655851,"9":null,"10":null,"11":null,"12":null,"13":null,"14":null,"15":null,"16":null,"17":null,"18":617.161986284,"19":null,"20":555.954206966,"21":361.0151007348,"22":null},"height":{"0":null,"1":null,"2":null,"3":null,"4":null,"5":null,"6":null,"7":null,"8":305.268578114,"9":null,"10":null,"11":null,"12":null,"13":null,"14":null,"15":null,"16":null,"17":null,"18":347.0686526501,"19":null,"20":312.7238181123,"21":203.0697817731,"22":null},"Score":{"0":null,"1":null,"2":null,"3":null,"4":null,"5":null,"6":null,"7":null,"8":0.60532993,"9":null,"10":null,"11":null,"12":null,"13":null,"14":null,"15":null,"16":null,"17":null,"18":0.5698292,"19":null,"20":0.6234948,"21":0.5131132,"22":null},"video":{"0":"Experiments\/WOALOLTestSetP0\/1-P0.mp4","1":"Experiments\/WOALOLTestSetP0\/1-P0.mp4","2":"Experiments\/WOALOLTestSetP0\/1-P0.mp4","3":"Experiments\/WOALOLTestSetP0\/1-P0.mp4","4":"Experiments\/WOALOLTestSetP0\/1-P0.mp4","5":"Experiments\/WOALOLTestSetP0\/1-P0.mp4","6":"Experiments\/WOALOLTestSetP0\/1-P0.mp4","7":"Experiments\/WOALOLTestSetP0\/1-P0.mp4","8":"Experiments\/WOALOLTestSetP0\/1-P0.mp4","9":"Experiments\/WOALOLTestSetP0\/1-P0.mp4","10":"Experiments\/WOALOLTestSetP0\/1-P0.mp4","11":"Experiments\/WOALOLTestSetP0\/1-P0.mp4","12":"Experiments\/WOALOLTestSetP0\/1-P0.mp4","13":"Experiments\/WOALOLTestSetP0\/1-P0.mp4","14":"Experiments\/WOALOLTestSetP0\/1-P0.mp4","15":"Experiments\/WOALOLTestSetP0\/1-P0.mp4","16":"Experiments\/WOALOLTestSetP0\/1-P0.mp4","17":"Experiments\/WOALOLTestSetP0\/1-P0.mp4","18":"Experiments\/WOALOLTestSetP0\/1-P0.mp4","19":"Experiments\/WOALOLTestSetP0\/1-P0.mp4","20":"Experiments\/WOALOLTestSetP0\/1-P0.mp4","21":"Experiments\/WOALOLTestSetP0\/1-P0.mp4","22":"Experiments\/WOALOLTestSetP0\/1-P0.mp4"},"end_frame":{"0":130,"1":130,"2":134,"3":134,"4":139,"5":139,"6":143,"7":143,"8":160,"9":160,"10":173,"11":173,"12":178,"13":178,"14":182,"15":182,"16":186,"17":186,"18":563,"19":563,"20":685,"21":689,"22":932}}